family,conversation_id,peak_lfi,mean_lfi,cumulative_lfi,fragmentation_slope
Task_Decomposition,5,28,12.857142857142858,90,1.1785714285714286
Task_Decomposition,3,20,10.714285714285714,75,-0.0714285714285715
Task_Decomposition,1,20,13.714285714285714,96,1.25
Task_Decomposition,7,39,16.428571428571427,115,0.9642857142857144
Task_Decomposition,2,14,8.142857142857142,57,0.8928571428571428
Task_Decomposition,6,13,7.285714285714286,51,-0.39285714285714285
Task_Decomposition,4,29,20.0,140,0.7142857142857142
Task_Decomposition,8,37,24.142857142857142,169,0.7142857142857141
Task_Decomposition,12,13,7.428571428571429,52,0.4285714285714286
Task_Decomposition,15,10,5.428571428571429,38,0.25
Task_Decomposition,11,13,7.714285714285714,54,0.39285714285714296
Task_Decomposition,13,11,7.142857142857143,50,1.5714285714285714
Task_Decomposition,9,29,15.571428571428571,109,0.9285714285714285
Task_Decomposition,16,20,11.142857142857142,78,-0.6785714285714285
Task_Decomposition,10,12,8.142857142857142,57,0.8928571428571428
Task_Decomposition,14,12,6.285714285714286,44,1.5
Task_Decomposition,19,17,8.0,56,0.21428571428571427
Task_Decomposition,18,69,32.285714285714285,226,0.5
Task_Decomposition,22,44,19.571428571428573,137,2.7857142857142856
Task_Decomposition,20,36,17.857142857142858,125,2.964285714285714
Task_Decomposition,23,20,14.428571428571429,101,1.357142857142857
Task_Decomposition,21,28,12.285714285714286,86,1.25
Task_Decomposition,24,14,8.142857142857142,57,1.5357142857142856
Task_Decomposition,17,29,11.571428571428571,81,0.8928571428571428
Task_Decomposition,25,12,8.714285714285714,61,0.5357142857142856
Task_Decomposition,27,9,5.857142857142857,41,1.0357142857142856
Task_Decomposition,29,24,12.714285714285714,89,0.14285714285714285
Task_Decomposition,30,32,18.714285714285715,131,3.142857142857143
Task_Decomposition,28,36,17.0,119,-0.6071428571428571
Task_Decomposition,31,28,18.285714285714285,128,2.5
Task_Decomposition,32,33,14.571428571428571,102,-0.892857142857143
Task_Decomposition,26,48,23.285714285714285,163,1.6428571428571428
Task_Decomposition,33,21,10.857142857142858,76,1.6428571428571428
Task_Decomposition,34,36,21.857142857142858,153,-0.25
Task_Decomposition,36,15,8.571428571428571,60,1.6071428571428568
Task_Decomposition,37,13,7.0,49,1.1428571428571428
Task_Decomposition,35,20,9.428571428571429,66,0.4999999999999999
Task_Decomposition,39,20,8.857142857142858,62,1.25
Task_Decomposition,40,12,9.285714285714286,65,0.39285714285714285
Task_Decomposition,41,16,7.857142857142857,55,0.5357142857142857
Task_Decomposition,38,25,16.142857142857142,113,1.3928571428571428
Task_Decomposition,45,29,15.714285714285714,110,1.9285714285714284
Task_Decomposition,42,12,8.285714285714286,58,-0.3214285714285714
Task_Decomposition,43,12,9.714285714285714,68,0.5714285714285714
Task_Decomposition,48,18,7.142857142857143,50,0.6785714285714285
Task_Decomposition,47,16,10.142857142857142,71,0.3214285714285714
Task_Decomposition,44,20,11.285714285714286,79,-0.7857142857142857
Task_Decomposition,46,10,6.428571428571429,45,0.10714285714285714
Task_Decomposition,49,16,7.714285714285714,54,1.5357142857142854
Task_Decomposition,51,18,8.428571428571429,59,1.607142857142857
Task_Decomposition,50,21,7.857142857142857,55,-1.6428571428571428
Task_Decomposition,52,12,6.285714285714286,44,1.1785714285714286
Task_Decomposition,53,14,8.714285714285714,61,0.9642857142857142
Task_Decomposition,54,20,10.571428571428571,74,-1.0357142857142856
Task_Decomposition,57,17,11.571428571428571,81,0.8571428571428573
Task_Decomposition,56,6,4.285714285714286,30,0.7500000000000001
Task_Decomposition,55,21,16.142857142857142,113,2.0
Task_Decomposition,58,20,12.142857142857142,85,0.8214285714285714
Task_Decomposition,60,32,24.285714285714285,170,1.5357142857142856
Task_Decomposition,61,18,9.714285714285714,68,0.8571428571428571
Task_Decomposition,63,18,9.285714285714286,65,0.75
Task_Decomposition,65,22,9.571428571428571,67,2.0714285714285716
Task_Decomposition,62,44,20.714285714285715,145,-0.9285714285714285
Task_Decomposition,64,34,16.714285714285715,117,-3.3571428571428568
Task_Decomposition,59,8,4.571428571428571,32,0.14285714285714285
Task_Decomposition,66,26,9.857142857142858,69,2.7857142857142856
Task_Decomposition,67,18,14.0,98,1.357142857142857
Task_Decomposition,71,22,12.571428571428571,88,2.285714285714286
Task_Decomposition,74,19,10.857142857142858,76,2.571428571428571
Task_Decomposition,68,13,7.428571428571429,52,0.39285714285714285
Task_Decomposition,72,19,7.571428571428571,53,1.8214285714285714
Task_Decomposition,69,46,24.714285714285715,173,4.67857142857143
Task_Decomposition,73,47,25.428571428571427,178,0.8928571428571429
Task_Decomposition,70,22,11.714285714285714,82,2.321428571428571
Task_Decomposition,75,12,8.142857142857142,57,0.6071428571428571
Task_Decomposition,76,43,19.0,133,1.3214285714285714
Task_Decomposition,78,24,12.428571428571429,87,2.035714285714285
Task_Decomposition,80,36,20.428571428571427,143,3.8571428571428563
Task_Decomposition,77,46,17.142857142857142,120,3.2142857142857144
Task_Decomposition,79,52,28.714285714285715,201,1.607142857142857
Task_Decomposition,82,30,18.142857142857142,127,2.285714285714285
Task_Decomposition,81,32,18.714285714285715,131,4.035714285714286
Task_Decomposition,85,23,10.714285714285714,75,1.5
Task_Decomposition,86,14,5.714285714285714,40,-0.0714285714285714
Task_Decomposition,84,17,10.0,70,1.857142857142857
Task_Decomposition,83,25,9.428571428571429,66,2.5357142857142856
Task_Decomposition,89,12,8.571428571428571,60,0.10714285714285714
Task_Decomposition,87,15,11.0,77,1.5714285714285714
Task_Decomposition,88,16,8.428571428571429,59,0.17857142857142863
Task_Decomposition,90,10,7.142857142857143,50,0.5
Task_Decomposition,91,21,13.571428571428571,95,0.9285714285714288
Task_Decomposition,92,18,11.714285714285714,82,1.6785714285714284
Task_Decomposition,95,18,9.428571428571429,66,0.21428571428571422
Task_Decomposition,97,8,5.142857142857143,36,-0.03571428571428571
Task_Decomposition,96,20,10.714285714285714,75,0.7857142857142857
Task_Decomposition,93,10,6.0,42,-0.5
Task_Decomposition,98,13,8.571428571428571,60,1.0
Task_Decomposition,94,34,16.714285714285715,117,1.9285714285714284
Task_Decomposition,99,14,8.428571428571429,59,0.21428571428571433
Task_Decomposition,101,23,11.571428571428571,81,1.0
Task_Decomposition,100,34,22.571428571428573,158,0.3214285714285714
Task_Decomposition,103,47,19.857142857142858,139,3.6071428571428563
Task_Decomposition,104,15,8.428571428571429,59,0.21428571428571427
Task_Decomposition,102,53,26.285714285714285,184,0.285714285714286
Task_Decomposition,105,14,9.857142857142858,69,0.6785714285714285
Task_Decomposition,106,52,34.714285714285715,243,0.25
Task_Decomposition,107,45,20.571428571428573,144,0.8571428571428572
Task_Decomposition,113,6,2.2857142857142856,16,-0.21428571428571427
Task_Decomposition,108,24,16.571428571428573,116,2.357142857142857
Task_Decomposition,110,12,6.0,42,1.0357142857142856
Task_Decomposition,109,16,9.714285714285714,68,0.4285714285714286
Task_Decomposition,112,24,17.285714285714285,121,1.25
Task_Decomposition,111,18,12.857142857142858,90,0.9285714285714285
Task_Decomposition,114,26,14.428571428571429,101,2.428571428571428
Task_Decomposition,115,13,6.285714285714286,44,0.3928571428571427
Task_Decomposition,117,12,8.428571428571429,59,0.14285714285714285
Task_Decomposition,116,24,15.142857142857142,106,1.5357142857142856
Task_Decomposition,120,16,9.428571428571429,66,0.5
Task_Decomposition,119,20,14.857142857142858,104,1.2142857142857142
Task_Decomposition,118,10,6.857142857142857,48,0.07142857142857142
Task_Decomposition,121,14,7.0,49,0.6428571428571428
Task_Decomposition,122,37,20.428571428571427,143,1.5357142857142856
Task_Decomposition,123,18,10.428571428571429,73,2.035714285714285
Task_Decomposition,124,12,10.0,70,0.7857142857142857
Task_Decomposition,125,14,8.857142857142858,62,0.8571428571428571
Task_Decomposition,129,19,8.428571428571429,59,1.0
Task_Decomposition,126,14,7.0,49,0.10714285714285714
Task_Decomposition,130,14,9.571428571428571,67,1.4285714285714288
Task_Decomposition,128,13,7.142857142857143,50,-0.28571428571428564
Task_Decomposition,131,6,4.714285714285714,33,0.10714285714285714
Task_Decomposition,127,27,13.428571428571429,94,-0.7142857142857142
Task_Decomposition,133,18,10.142857142857142,71,1.8214285714285714
Task_Decomposition,132,13,6.714285714285714,47,0.6428571428571428
Task_Decomposition,134,15,10.714285714285714,75,0.9285714285714283
Task_Decomposition,135,21,11.714285714285714,82,1.607142857142857
Task_Decomposition,138,6,5.142857142857143,36,-0.25
Task_Decomposition,136,22,14.285714285714286,100,1.25
Task_Decomposition,137,10,6.285714285714286,44,0.10714285714285714
Task_Decomposition,140,10,7.0,49,0.2857142857142857
Task_Decomposition,139,13,7.285714285714286,51,0.6785714285714285
Task_Decomposition,141,20,9.714285714285714,68,0.964285714285714
Task_Decomposition,142,28,13.142857142857142,92,1.4285714285714284
Task_Decomposition,143,37,13.285714285714286,93,2.464285714285715
Task_Decomposition,146,20,11.428571428571429,80,1.4999999999999996
Task_Decomposition,147,12,6.714285714285714,47,0.42857142857142844
Task_Decomposition,145,60,25.857142857142858,181,7.464285714285713
Task_Decomposition,148,13,7.142857142857143,50,0.5714285714285714
Task_Decomposition,150,16,8.0,56,1.0
Task_Decomposition,149,37,20.0,140,0.0
Task_Decomposition,144,19,7.571428571428571,53,1.714285714285714
Task_Decomposition,152,10,6.428571428571429,45,0.42857142857142855
Task_Decomposition,151,15,8.142857142857142,57,0.9642857142857142
Task_Decomposition,156,6,4.857142857142857,34,0.3571428571428571
Task_Decomposition,153,22,6.714285714285714,47,0.9999999999999998
Task_Decomposition,157,49,22.428571428571427,157,2.392857142857143
Task_Decomposition,154,27,12.571428571428571,88,1.0
Task_Decomposition,159,8,5.571428571428571,39,0.46428571428571425
Task_Decomposition,158,23,15.428571428571429,108,-0.46428571428571425
Task_Decomposition,155,21,11.0,77,1.3928571428571428
Task_Decomposition,160,14,7.571428571428571,53,1.3214285714285714
Task_Decomposition,162,6,4.714285714285714,33,0.17857142857142855
Task_Decomposition,161,13,6.428571428571429,45,0.7142857142857142
Task_Decomposition,164,23,14.142857142857142,99,1.75
Task_Decomposition,165,20,10.428571428571429,73,1.9642857142857144
Task_Decomposition,168,10,6.0,42,-0.03571428571428571
Task_Decomposition,163,42,19.857142857142858,139,5.178571428571427
Task_Decomposition,166,31,18.285714285714285,128,0.46428571428571425
Task_Decomposition,167,37,27.714285714285715,194,2.642857142857143
Task_Decomposition,170,20,11.0,77,1.0357142857142856
Task_Decomposition,169,21,11.714285714285714,82,1.3928571428571428
Task_Decomposition,172,20,13.571428571428571,95,1.4285714285714288
Task_Decomposition,171,35,14.857142857142858,104,-0.5714285714285715
Task_Decomposition,176,25,14.571428571428571,102,1.4285714285714288
Task_Decomposition,175,24,14.714285714285714,103,0.21428571428571427
Task_Decomposition,174,17,10.0,70,1.607142857142857
Task_Decomposition,173,55,28.142857142857142,197,1.0357142857142856
Task_Decomposition,178,13,9.428571428571429,66,0.75
Task_Decomposition,177,30,16.571428571428573,116,-1.9642857142857137
Task_Decomposition,179,13,6.428571428571429,45,0.5714285714285714
Task_Decomposition,182,14,8.0,56,0.9642857142857142
Task_Decomposition,180,40,22.571428571428573,158,2.0
Task_Decomposition,181,23,10.714285714285714,75,1.2857142857142856
Task_Decomposition,184,34,15.142857142857142,106,0.2142857142857144
Task_Decomposition,183,37,19.857142857142858,139,4.82142857142857
Task_Decomposition,185,28,18.285714285714285,128,0.2857142857142857
Task_Decomposition,186,21,10.571428571428571,74,1.3214285714285714
Task_Decomposition,187,22,12.714285714285714,89,1.75
Task_Decomposition,190,10,7.428571428571429,52,-0.17857142857142855
Task_Decomposition,191,13,10.428571428571429,73,0.6428571428571428
Task_Decomposition,189,25,11.142857142857142,78,2.142857142857143
Task_Decomposition,192,8,6.142857142857143,43,-0.17857142857142855
Task_Decomposition,188,22,9.714285714285714,68,-1.7142857142857142
Task_Decomposition,193,19,11.285714285714286,79,0.5714285714285713
Task_Decomposition,194,13,9.285714285714286,65,1.2857142857142856
Task_Decomposition,195,41,21.285714285714285,149,3.321428571428571
Task_Decomposition,198,19,10.142857142857142,71,1.8928571428571428
Task_Decomposition,196,32,13.428571428571429,94,-0.28571428571428575
Task_Decomposition,199,14,8.142857142857142,57,0.21428571428571427
Task_Decomposition,200,28,13.142857142857142,92,1.107142857142857
Task_Decomposition,197,30,18.428571428571427,129,1.5714285714285714
Task_Decomposition,202,12,7.571428571428571,53,0.6071428571428571
Task_Decomposition,201,19,11.142857142857142,78,2.0357142857142856
Task_Decomposition,203,14,9.285714285714286,65,1.6785714285714284
Task_Decomposition,206,12,6.571428571428571,46,-0.3214285714285714
Task_Decomposition,208,16,8.142857142857142,57,1.1785714285714286
Task_Decomposition,209,26,13.285714285714286,93,1.7142857142857142
Task_Decomposition,207,41,25.285714285714285,177,-1.107142857142857
Task_Decomposition,204,20,9.428571428571429,66,2.8571428571428563
Task_Decomposition,210,17,10.285714285714286,72,1.5357142857142854
Task_Decomposition,211,36,20.714285714285715,145,2.357142857142857
Task_Decomposition,205,10,5.142857142857143,36,0.0
Task_Decomposition,212,14,9.285714285714286,65,0.7857142857142857
Task_Decomposition,213,52,25.0,175,3.642857142857143
Task_Decomposition,215,13,7.428571428571429,52,0.9642857142857142
Task_Decomposition,214,34,15.571428571428571,109,-0.4999999999999998
Task_Decomposition,216,20,12.857142857142858,90,1.5
Task_Decomposition,217,9,6.428571428571429,45,-0.46428571428571425
Task_Decomposition,219,20,9.428571428571429,66,1.5714285714285714
Task_Decomposition,218,35,16.857142857142858,118,2.6785714285714284
Task_Decomposition,222,19,9.285714285714286,65,-0.14285714285714285
Task_Decomposition,220,20,10.571428571428571,74,2.285714285714286
Task_Decomposition,224,12,8.857142857142858,62,0.07142857142857142
Task_Decomposition,225,17,8.571428571428571,60,0.24999999999999992
Task_Decomposition,221,22,11.714285714285714,82,0.21428571428571427
Task_Decomposition,223,12,6.285714285714286,44,0.3571428571428571
Task_Decomposition,226,16,9.428571428571429,66,0.35714285714285704
Task_Decomposition,228,9,4.142857142857143,29,0.8928571428571429
Task_Decomposition,227,14,7.714285714285714,54,0.6428571428571428
Task_Decomposition,229,19,10.571428571428571,74,0.6071428571428571
Task_Decomposition,233,8,5.714285714285714,40,-0.07142857142857142
Task_Decomposition,231,20,9.285714285714286,65,0.07142857142857136
Task_Decomposition,230,22,7.714285714285714,54,0.2142857142857142
Task_Decomposition,234,30,14.714285714285714,103,0.3928571428571426
Task_Decomposition,235,11,8.285714285714286,58,0.6071428571428571
Task_Decomposition,232,26,16.714285714285715,117,0.75
Task_Decomposition,237,12,6.571428571428571,46,0.9285714285714285
Task_Decomposition,236,39,20.428571428571427,143,1.857142857142857
Task_Decomposition,239,20,10.571428571428571,74,0.28571428571428564
Task_Decomposition,241,23,12.714285714285714,89,2.214285714285714
Task_Decomposition,238,18,13.571428571428571,95,0.3928571428571428
Task_Decomposition,242,38,19.571428571428573,137,4.071428571428571
Task_Decomposition,243,12,6.571428571428571,46,0.5357142857142857
Task_Decomposition,244,24,12.571428571428571,88,-0.03571428571428565
Task_Decomposition,240,69,43.285714285714285,303,5.571428571428572
Task_Decomposition,245,38,23.428571428571427,164,3.214285714285714
Task_Decomposition,246,11,7.428571428571429,52,0.07142857142857142
Task_Decomposition,249,25,11.714285714285714,82,2.071428571428571
Task_Decomposition,250,15,5.428571428571429,38,0.46428571428571425
Structured_Data,251,9,4.0,28,0.3571428571428571
Task_Decomposition,247,42,23.142857142857142,162,1.4285714285714284
Task_Decomposition,248,25,14.857142857142858,104,1.5
Structured_Data,253,12,3.857142857142857,27,1.107142857142857
Structured_Data,252,5,2.4285714285714284,17,0.10714285714285712
Structured_Data,255,10,4.571428571428571,32,0.7142857142857142
Structured_Data,258,12,7.428571428571429,52,-0.03571428571428571
Structured_Data,254,6,3.0,21,0.6785714285714285
Structured_Data,256,17,9.142857142857142,64,1.1428571428571428
Structured_Data,257,6,3.7142857142857144,26,0.3928571428571427
Structured_Data,262,7,3.142857142857143,22,0.42857142857142855
Structured_Data,261,12,4.857142857142857,34,0.857142857142857
Structured_Data,259,29,13.857142857142858,97,-0.7857142857142857
Structured_Data,264,9,3.5714285714285716,25,0.3214285714285714
Structured_Data,260,9,4.714285714285714,33,0.8214285714285713
Structured_Data,263,15,7.714285714285714,54,0.5357142857142857
Structured_Data,267,44,8.714285714285714,61,2.392857142857143
Structured_Data,268,8,4.285714285714286,30,0.6428571428571429
Structured_Data,269,8,4.142857142857143,29,1.25
Structured_Data,266,36,12.571428571428571,88,4.428571428571429
Structured_Data,270,9,3.857142857142857,27,0.7142857142857141
Structured_Data,265,11,3.7142857142857144,26,-0.42857142857142855
Structured_Data,274,12,4.285714285714286,30,0.5714285714285714
Structured_Data,273,7,4.285714285714286,30,-0.07142857142857142
Structured_Data,271,5,2.4285714285714284,17,0.39285714285714285
Structured_Data,272,11,5.714285714285714,40,1.3571428571428568
Structured_Data,275,11,5.428571428571429,38,0.6428571428571428
Structured_Data,276,15,5.285714285714286,37,0.8928571428571429
Structured_Data,278,7,2.5714285714285716,18,-0.07142857142857144
Structured_Data,277,10,4.857142857142857,34,0.14285714285714285
Structured_Data,279,3,1.0,7,0.14285714285714285
Structured_Data,282,7,4.714285714285714,33,0.7142857142857141
Structured_Data,284,13,3.4285714285714284,24,1.3214285714285714
Structured_Data,285,6,3.4285714285714284,24,0.10714285714285712
Structured_Data,280,11,4.142857142857143,29,0.75
Structured_Data,281,87,13.714285714285714,96,9.214285714285714
Structured_Data,283,10,4.714285714285714,33,0.42857142857142866
Structured_Data,287,14,9.428571428571429,66,0.8571428571428571
Structured_Data,288,8,4.0,28,0.0
Structured_Data,289,13,7.571428571428571,53,-0.5714285714285714
Structured_Data,291,15,6.0,42,0.03571428571428571
Structured_Data,286,26,6.428571428571429,45,2.8571428571428568
Structured_Data,293,13,9.714285714285714,68,0.6428571428571428
Structured_Data,290,5,1.8571428571428572,13,0.4285714285714285
Structured_Data,296,16,7.714285714285714,54,1.5357142857142854
Structured_Data,294,60,16.571428571428573,116,5.321428571428571
Structured_Data,298,8,2.857142857142857,20,-0.75
Structured_Data,292,17,5.571428571428571,39,0.03571428571428565
Structured_Data,295,24,11.0,77,1.9285714285714284
Structured_Data,300,8,3.2857142857142856,23,0.5
Structured_Data,301,35,10.142857142857142,71,3.3571428571428568
Structured_Data,297,32,12.714285714285714,89,4.571428571428571
Structured_Data,304,6,3.4285714285714284,24,0.17857142857142855
Structured_Data,299,8,3.7142857142857144,26,0.75
Structured_Data,305,12,5.428571428571429,38,0.9642857142857142
Structured_Data,302,8,3.857142857142857,27,-0.42857142857142855
Structured_Data,303,10,5.571428571428571,39,0.21428571428571427
Structured_Data,307,12,7.0,49,0.8928571428571428
Structured_Data,306,38,11.0,77,4.357142857142857
Structured_Data,308,57,14.0,98,5.178571428571428
Structured_Data,311,10,5.428571428571429,38,0.5
Structured_Data,310,14,6.571428571428571,46,-1.1785714285714286
Structured_Data,309,12,5.714285714285714,40,2.1428571428571423
Structured_Data,313,8,4.714285714285714,33,0.3571428571428571
Structured_Data,312,16,10.428571428571429,73,0.4999999999999999
Structured_Data,314,11,4.285714285714286,30,-1.0357142857142856
Structured_Data,318,12,9.571428571428571,67,-0.3571428571428571
Structured_Data,316,17,8.714285714285714,61,0.6071428571428571
Structured_Data,315,16,8.571428571428571,60,-0.8571428571428571
Structured_Data,317,20,10.714285714285714,75,1.1785714285714286
Structured_Data,319,10,6.0,42,0.6785714285714285
Structured_Data,321,9,3.857142857142857,27,1.1428571428571426
Structured_Data,320,8,4.285714285714286,30,0.857142857142857
Structured_Data,325,9,4.714285714285714,33,-0.10714285714285711
Structured_Data,322,79,36.285714285714285,254,4.214285714285715
Structured_Data,326,14,5.285714285714286,37,1.6071428571428572
Structured_Data,324,7,3.0,21,0.17857142857142855
Structured_Data,323,17,6.285714285714286,44,2.2142857142857144
Structured_Data,329,7,3.0,21,1.25
Structured_Data,328,12,5.0,35,1.75
Structured_Data,327,16,7.0,49,0.03571428571428571
Structured_Data,331,10,3.142857142857143,22,1.0714285714285714
Structured_Data,330,33,15.857142857142858,111,2.964285714285714
Structured_Data,333,120,23.0,161,5.5
Structured_Data,332,13,9.285714285714286,65,0.8214285714285714
Structured_Data,334,10,4.0,28,0.42857142857142855
Structured_Data,336,14,5.285714285714286,37,0.3214285714285714
Structured_Data,338,5,2.5714285714285716,18,0.2857142857142857
Structured_Data,340,13,3.4285714285714284,24,0.3214285714285714
Structured_Data,337,7,4.571428571428571,32,0.3214285714285714
Structured_Data,335,44,9.571428571428571,67,4.392857142857142
Structured_Data,341,78,17.285714285714285,121,9.678571428571429
Structured_Data,339,39,11.142857142857142,78,3.535714285714286
Structured_Data,342,13,8.0,56,0.2857142857142857
Structured_Data,343,6,2.0,14,0.5
Structured_Data,347,9,4.285714285714286,30,0.14285714285714288
Structured_Data,346,13,5.142857142857143,36,2.0
Structured_Data,344,6,2.7142857142857144,19,0.17857142857142852
Structured_Data,349,11,5.714285714285714,40,0.6785714285714287
Structured_Data,345,15,10.285714285714286,72,0.5714285714285714
Structured_Data,348,22,7.571428571428571,53,0.7142857142857145
Structured_Data,352,3,1.4285714285714286,10,-0.14285714285714285
Structured_Data,350,9,4.142857142857143,29,0.2857142857142857
Structured_Data,351,30,6.142857142857143,43,3.321428571428571
Structured_Data,353,14,7.428571428571429,52,0.1785714285714285
Structured_Data,358,10,5.571428571428571,39,-0.17857142857142855
Structured_Data,355,7,4.571428571428571,32,0.3571428571428571
Structured_Data,360,13,8.285714285714286,58,-0.21428571428571427
Structured_Data,356,20,6.0,42,1.0714285714285714
Structured_Data,354,6,3.142857142857143,22,-0.4285714285714286
Structured_Data,359,12,7.142857142857143,50,1.1428571428571428
Structured_Data,357,22,6.571428571428571,46,0.4285714285714285
Structured_Data,364,30,5.285714285714286,37,1.0
Structured_Data,363,12,3.7142857142857144,26,0.5357142857142856
Structured_Data,362,6,2.4285714285714284,17,0.6428571428571428
Structured_Data,361,26,11.142857142857142,78,2.3928571428571423
Structured_Data,367,6,3.7142857142857144,26,-0.17857142857142855
Structured_Data,365,19,5.714285714285714,40,1.1785714285714286
Structured_Data,366,31,10.285714285714286,72,0.7857142857142857
Structured_Data,368,23,7.428571428571429,52,2.8214285714285707
Structured_Data,370,30,12.571428571428571,88,2.035714285714286
Structured_Data,372,16,11.428571428571429,80,0.21428571428571427
Structured_Data,374,15,9.285714285714286,65,0.5357142857142857
Structured_Data,369,15,10.285714285714286,72,0.7142857142857142
Structured_Data,371,20,9.857142857142858,69,2.071428571428571
Structured_Data,376,6,2.5714285714285716,18,-0.46428571428571425
Structured_Data,375,13,7.714285714285714,54,0.6428571428571428
Structured_Data,373,43,13.0,91,1.2857142857142856
Structured_Data,377,10,3.0,21,-0.25
Structured_Data,380,30,11.142857142857142,78,3.964285714285714
Structured_Data,378,8,4.571428571428571,32,-0.07142857142857142
Structured_Data,383,9,4.857142857142857,34,0.6071428571428571
Structured_Data,379,14,6.0,42,1.4642857142857142
Structured_Data,382,21,9.0,63,2.214285714285714
Structured_Data,381,6,2.142857142857143,15,-0.21428571428571427
Structured_Data,385,15,6.428571428571429,45,-0.5
Structured_Data,384,12,6.428571428571429,45,0.32142857142857134
Structured_Data,388,5,1.7142857142857142,12,0.03571428571428573
Structured_Data,391,32,9.142857142857142,64,2.0357142857142856
Structured_Data,386,18,8.285714285714286,58,-1.5000000000000002
Structured_Data,389,12,5.714285714285714,40,0.6785714285714284
Structured_Data,387,42,12.428571428571429,87,1.4285714285714282
Structured_Data,390,6,4.428571428571429,31,0.3214285714285714
Structured_Data,393,19,7.142857142857143,50,1.1785714285714286
Structured_Data,392,9,5.571428571428571,39,0.9642857142857142
Structured_Data,395,24,10.428571428571429,73,3.3571428571428563
Structured_Data,396,22,10.857142857142858,76,2.392857142857143
Structured_Data,397,120,19.571428571428573,137,4.357142857142857
Structured_Data,394,47,17.285714285714285,121,6.285714285714286
Structured_Data,399,8,3.2857142857142856,23,-0.8928571428571428
Structured_Data,398,9,4.857142857142857,34,0.8214285714285714
Structured_Data,402,18,12.714285714285714,89,-0.46428571428571425
Structured_Data,401,21,10.142857142857142,71,1.4285714285714284
Structured_Data,406,5,2.4285714285714284,17,0.42857142857142855
Structured_Data,404,12,5.142857142857143,36,2.0
Structured_Data,400,11,5.285714285714286,37,1.1071428571428572
Structured_Data,403,24,10.714285714285714,75,2.75
Structured_Data,405,8,4.285714285714286,30,0.10714285714285716
Structured_Data,407,10,6.428571428571429,45,0.7857142857142857
Structured_Data,408,8,4.714285714285714,33,-0.03571428571428571
Structured_Data,410,7,3.2857142857142856,23,0.1785714285714286
Structured_Data,409,13,8.857142857142858,62,-0.5
Structured_Data,411,8,6.142857142857143,43,0.3571428571428571
Structured_Data,412,5,2.4285714285714284,17,0.6785714285714285
Structured_Data,413,37,10.285714285714286,72,3.535714285714286
Structured_Data,415,40,7.714285714285714,54,2.214285714285714
Structured_Data,416,9,5.142857142857143,36,-0.14285714285714282
Structured_Data,417,9,6.0,42,-0.7142857142857142
Structured_Data,418,10,3.2857142857142856,23,0.8214285714285715
Structured_Data,414,15,5.571428571428571,39,1.75
Structured_Data,419,6,3.7142857142857144,26,0.39285714285714296
Structured_Data,421,5,2.857142857142857,20,0.10714285714285714
Structured_Data,420,9,4.714285714285714,33,0.9642857142857144
Structured_Data,425,16,5.428571428571429,38,0.8571428571428573
Structured_Data,422,11,5.285714285714286,37,1.1785714285714288
Structured_Data,423,193,33.857142857142854,237,19.928571428571427
Structured_Data,426,15,8.0,56,0.7857142857142857
Structured_Data,427,14,8.571428571428571,60,1.0357142857142858
Structured_Data,424,73,17.285714285714285,121,4.964285714285713
Structured_Data,430,11,4.0,28,0.10714285714285714
Structured_Data,428,18,7.714285714285714,54,2.1428571428571423
Structured_Data,432,17,7.0,49,1.107142857142857
Structured_Data,433,15,8.285714285714286,58,1.607142857142857
Structured_Data,429,25,10.428571428571429,73,2.607142857142857
Structured_Data,431,39,13.0,91,3.9285714285714284
Structured_Data,435,17,9.571428571428571,67,1.6785714285714288
Structured_Data,437,8,3.4285714285714284,24,1.5714285714285714
Structured_Data,434,17,9.142857142857142,64,1.1785714285714286
Structured_Data,436,101,17.571428571428573,123,10.392857142857142
Structured_Data,440,25,6.428571428571429,45,0.4285714285714284
Structured_Data,438,12,7.428571428571429,52,0.25
Structured_Data,439,7,4.285714285714286,30,0.46428571428571425
Structured_Data,444,6,2.857142857142857,20,-0.14285714285714282
Structured_Data,443,11,4.571428571428571,32,-0.4642857142857142
Structured_Data,445,14,7.714285714285714,54,-0.03571428571428575
Structured_Data,441,5,2.2857142857142856,16,0.5357142857142857
Structured_Data,442,8,4.428571428571429,31,0.42857142857142855
Structured_Data,448,3,1.0,7,0.10714285714285714
Structured_Data,451,4,1.2857142857142858,9,-0.07142857142857141
Structured_Data,446,27,10.285714285714286,72,3.214285714285714
Structured_Data,449,13,6.142857142857143,43,1.4285714285714284
Structured_Data,447,29,9.857142857142858,69,2.5
Structured_Data,452,5,3.2857142857142856,23,0.14285714285714285
Structured_Data,450,17,5.285714285714286,37,0.10714285714285716
Structured_Data,454,13,6.857142857142857,48,1.0714285714285714
Structured_Data,455,8,5.142857142857143,36,0.46428571428571425
Structured_Data,456,9,3.5714285714285716,25,-0.10714285714285714
Structured_Data,453,10,4.571428571428571,32,0.6785714285714285
Structured_Data,458,14,6.428571428571429,45,0.5714285714285713
Structured_Data,457,12,6.0,42,0.5357142857142857
Structured_Data,459,19,5.142857142857143,36,2.214285714285714
Structured_Data,461,18,7.428571428571429,52,-0.7857142857142859
Structured_Data,460,17,5.142857142857143,36,0.10714285714285723
Structured_Data,462,22,9.857142857142858,69,1.4285714285714284
Structured_Data,463,38,9.714285714285714,68,4.928571428571428
Structured_Data,464,11,3.7142857142857144,26,0.607142857142857
Structured_Data,465,9,3.5714285714285716,25,0.14285714285714285
Structured_Data,466,19,5.0,35,2.071428571428571
Structured_Data,469,11,5.428571428571429,38,0.3571428571428571
Structured_Data,468,14,6.285714285714286,44,0.5357142857142857
Structured_Data,467,35,12.0,84,2.0357142857142856
Structured_Data,471,17,4.714285714285714,33,1.9285714285714282
Structured_Data,473,17,6.142857142857143,43,1.2142857142857142
Structured_Data,470,25,9.285714285714286,65,3.571428571428571
Structured_Data,474,47,12.0,84,3.6785714285714284
Structured_Data,476,34,8.714285714285714,61,1.0
Structured_Data,475,18,7.428571428571429,52,1.1428571428571426
Structured_Data,477,14,6.142857142857143,43,1.5357142857142856
Structured_Data,479,7,3.142857142857143,22,0.8214285714285715
Structured_Data,478,8,3.5714285714285716,25,-0.8571428571428571
Structured_Data,472,18,6.0,42,1.107142857142857
Structured_Data,480,10,4.285714285714286,30,-1.2142857142857142
Structured_Data,482,12,5.428571428571429,38,0.07142857142857142
Structured_Data,481,22,10.285714285714286,72,2.0
Structured_Data,484,13,5.714285714285714,40,0.14285714285714282
Structured_Data,483,14,5.285714285714286,37,0.10714285714285714
Structured_Data,485,5,2.2857142857142856,16,-0.17857142857142855
Structured_Data,488,14,4.142857142857143,29,1.75
Structured_Data,486,12,7.714285714285714,54,0.9285714285714284
Structured_Data,487,19,6.142857142857143,43,1.0357142857142856
Structured_Data,489,12,6.857142857142857,48,0.6785714285714285
Structured_Data,490,54,11.285714285714286,79,5.678571428571428
Structured_Data,494,11,3.0,21,0.6428571428571428
Structured_Data,495,13,4.714285714285714,33,1.2499999999999998
Structured_Data,493,12,7.285714285714286,51,0.6428571428571429
Structured_Data,498,21,9.285714285714286,65,2.0
Structured_Data,492,8,4.714285714285714,33,0.857142857142857
Structured_Data,496,30,11.571428571428571,81,2.571428571428571
Structured_Data,497,10,5.571428571428571,39,0.8928571428571428
Structured_Data,500,4,2.142857142857143,15,0.3928571428571428
Information_Extraction,501,10,4.0,28,-0.5714285714285714
Structured_Data,491,9,4.142857142857143,29,0.7857142857142857
Information_Extraction,502,15,6.571428571428571,46,0.7857142857142857
Information_Extraction,503,9,5.0,35,-0.5714285714285714
Information_Extraction,504,18,7.0,49,-0.5357142857142857
Structured_Data,499,17,5.285714285714286,37,2.357142857142857
Information_Extraction,506,14,6.428571428571429,45,1.8571428571428568
Information_Extraction,507,14,6.428571428571429,45,0.07142857142857142
Information_Extraction,508,3,2.0,14,0.14285714285714285
Information_Extraction,509,9,2.5714285714285716,18,-0.2857142857142857
Information_Extraction,510,8,4.285714285714286,30,-0.21428571428571427
Information_Extraction,512,5,3.5714285714285716,25,-0.3571428571428571
Information_Extraction,514,19,10.857142857142858,76,1.0714285714285714
Information_Extraction,513,4,2.4285714285714284,17,0.0357142857142857
Information_Extraction,511,14,8.142857142857142,57,0.9642857142857142
Information_Extraction,515,8,2.7142857142857144,19,-1.0714285714285714
Information_Extraction,516,9,3.4285714285714284,24,-0.10714285714285712
Information_Extraction,517,10,6.285714285714286,44,-0.7142857142857141
Information_Extraction,518,19,8.428571428571429,59,1.2857142857142856
Information_Extraction,520,7,3.2857142857142856,23,0.2857142857142857
Information_Extraction,522,13,4.857142857142857,34,0.46428571428571425
Information_Extraction,521,10,4.285714285714286,30,-0.7857142857142856
Information_Extraction,519,14,6.142857142857143,43,1.6428571428571428
Information_Extraction,523,10,5.285714285714286,37,0.9642857142857141
Information_Extraction,524,12,5.142857142857143,36,0.1785714285714286
Information_Extraction,525,13,5.285714285714286,37,0.6071428571428571
Information_Extraction,526,17,6.857142857142857,48,1.3214285714285712
Information_Extraction,505,6,3.4285714285714284,24,-0.8214285714285714
Information_Extraction,528,14,5.428571428571429,38,0.3928571428571429
Information_Extraction,529,11,6.857142857142857,48,1.6785714285714284
Information_Extraction,527,17,6.714285714285714,47,1.2857142857142856
Information_Extraction,530,9,5.428571428571429,38,0.6071428571428571
Information_Extraction,531,17,6.571428571428571,46,0.9285714285714285
Information_Extraction,532,6,3.142857142857143,22,0.7142857142857144
Information_Extraction,536,14,4.285714285714286,30,1.2857142857142856
Information_Extraction,534,16,6.714285714285714,47,2.285714285714285
Information_Extraction,535,17,7.428571428571429,52,-1.2142857142857142
Information_Extraction,537,11,7.571428571428571,53,0.7857142857142857
Information_Extraction,533,8,5.428571428571429,38,0.3214285714285714
Information_Extraction,538,4,2.0,14,-0.3571428571428571
Information_Extraction,539,10,2.857142857142857,20,0.9642857142857141
Information_Extraction,540,4,2.7142857142857144,19,-0.3571428571428571
Information_Extraction,541,10,6.285714285714286,44,-0.3214285714285714
Information_Extraction,543,15,5.857142857142857,41,0.9285714285714285
Information_Extraction,542,12,5.571428571428571,39,0.5714285714285713
Information_Extraction,545,9,4.428571428571429,31,0.42857142857142855
Information_Extraction,547,9,5.285714285714286,37,-0.5357142857142857
Information_Extraction,546,18,5.714285714285714,40,1.107142857142857
Information_Extraction,548,12,6.285714285714286,44,0.46428571428571425
Information_Extraction,549,12,8.857142857142858,62,-0.3214285714285714
Information_Extraction,550,2,1.0,7,0.0
Information_Extraction,551,8,4.714285714285714,33,-0.6428571428571428
Information_Extraction,552,15,7.285714285714286,51,1.25
Information_Extraction,553,8,4.571428571428571,32,0.7142857142857142
Information_Extraction,555,13,6.857142857142857,48,-0.39285714285714285
Information_Extraction,554,10,5.285714285714286,37,-0.5357142857142857
Information_Extraction,556,8,4.142857142857143,29,0.03571428571428575
Information_Extraction,557,9,5.571428571428571,39,0.3928571428571429
Information_Extraction,560,10,5.714285714285714,40,3.172065784643304e-17
Information_Extraction,559,13,5.857142857142857,41,1.107142857142857
Information_Extraction,558,12,6.0,42,1.6785714285714284
Information_Extraction,561,16,7.857142857142857,55,-0.6785714285714285
Information_Extraction,563,10,4.428571428571429,31,0.9285714285714285
Information_Extraction,562,8,4.285714285714286,30,-0.8214285714285713
Information_Extraction,564,12,4.285714285714286,30,0.5714285714285714
Information_Extraction,565,3,2.0,14,-0.14285714285714285
Information_Extraction,566,8,4.0,28,0.5
Information_Extraction,568,10,4.571428571428571,32,1.0714285714285714
Information_Extraction,569,6,3.857142857142857,27,0.1785714285714285
Information_Extraction,567,22,8.428571428571429,59,2.678571428571428
Information_Extraction,570,20,7.857142857142857,55,1.1428571428571428
Information_Extraction,571,11,6.714285714285714,47,-3.172065784643304e-17
Information_Extraction,573,10,5.714285714285714,40,0.5
Information_Extraction,572,8,3.5714285714285716,25,-0.17857142857142855
Information_Extraction,574,9,5.0,35,-0.17857142857142855
Information_Extraction,576,12,7.571428571428571,53,1.2857142857142856
Information_Extraction,577,20,12.428571428571429,87,1.0
Information_Extraction,575,6,4.428571428571429,31,0.14285714285714285
Information_Extraction,579,16,7.0,49,-1.6785714285714284
Information_Extraction,580,11,6.714285714285714,47,0.7857142857142856
Information_Extraction,578,8,4.857142857142857,34,-0.07142857142857145
Information_Extraction,581,23,13.285714285714286,93,2.7857142857142856
Information_Extraction,583,14,4.857142857142857,34,1.357142857142857
Information_Extraction,584,6,1.5714285714285714,11,0.7857142857142857
Information_Extraction,582,19,8.571428571428571,60,2.8928571428571432
Information_Extraction,587,10,4.714285714285714,33,1.5714285714285712
Information_Extraction,585,6,3.2857142857142856,23,0.7857142857142857
Information_Extraction,586,8,3.5714285714285716,25,-0.6071428571428571
Information_Extraction,589,10,3.0,21,0.2857142857142857
Information_Extraction,590,17,8.857142857142858,62,0.5714285714285714
Information_Extraction,592,13,6.285714285714286,44,-0.24999999999999994
Information_Extraction,591,11,5.0,35,0.3571428571428571
Information_Extraction,588,16,9.571428571428571,67,-0.21428571428571422
Information_Extraction,595,10,4.571428571428571,32,-0.07142857142857142
Information_Extraction,593,8,4.0,28,-0.3571428571428571
Information_Extraction,594,7,4.142857142857143,29,0.6785714285714285
Information_Extraction,596,6,3.4285714285714284,24,0.0357142857142857
Information_Extraction,598,8,5.857142857142857,41,0.5357142857142857
Information_Extraction,597,18,9.142857142857142,64,1.607142857142857
Information_Extraction,600,9,4.714285714285714,33,0.8214285714285713
Information_Extraction,599,16,8.0,56,0.0
Information_Extraction,601,4,1.4285714285714286,10,-0.14285714285714285
Information_Extraction,603,12,7.428571428571429,52,-0.39285714285714285
Information_Extraction,602,8,5.142857142857143,36,0.7857142857142858
Information_Extraction,604,9,3.857142857142857,27,0.7499999999999998
Information_Extraction,605,6,4.142857142857143,29,0.14285714285714285
Information_Extraction,606,17,10.571428571428571,74,0.75
Information_Extraction,607,14,8.0,56,0.2857142857142857
Information_Extraction,608,6,3.0,21,-0.46428571428571425
Information_Extraction,609,13,10.0,70,0.03571428571428571
Information_Extraction,611,4,2.2857142857142856,16,-0.03571428571428571
Information_Extraction,610,20,11.285714285714286,79,1.107142857142857
Information_Extraction,613,9,6.285714285714286,44,-0.2857142857142857
Information_Extraction,612,8,4.285714285714286,30,-0.14285714285714282
Information_Extraction,614,7,2.4285714285714284,17,0.7142857142857142
Information_Extraction,615,14,5.285714285714286,37,1.7500000000000002
Information_Extraction,616,14,5.571428571428571,39,-0.14285714285714285
Information_Extraction,617,12,8.428571428571429,59,0.6071428571428571
Information_Extraction,620,8,4.285714285714286,30,-0.5714285714285714
Information_Extraction,619,6,3.5714285714285716,25,0.10714285714285712
Information_Extraction,618,12,8.142857142857142,57,-0.42857142857142855
Information_Extraction,621,14,8.428571428571429,59,1.5714285714285712
Information_Extraction,624,5,2.142857142857143,15,0.28571428571428575
Information_Extraction,622,17,9.428571428571429,66,1.714285714285714
Information_Extraction,623,11,7.142857142857143,50,-0.17857142857142855
Information_Extraction,625,8,3.142857142857143,22,0.5
Information_Extraction,626,18,8.285714285714286,58,1.2142857142857142
Information_Extraction,628,12,6.285714285714286,44,1.4285714285714288
Information_Extraction,627,8,4.571428571428571,32,-0.3571428571428571
Information_Extraction,629,6,3.142857142857143,22,0.3571428571428571
Information_Extraction,630,11,6.571428571428571,46,-0.46428571428571425
Information_Extraction,632,15,7.428571428571429,52,0.42857142857142855
Information_Extraction,633,8,4.857142857142857,34,-0.14285714285714282
Information_Extraction,631,11,6.714285714285714,47,0.46428571428571414
Information_Extraction,635,6,2.5714285714285716,18,0.75
Information_Extraction,634,9,4.714285714285714,33,-0.6785714285714285
Information_Extraction,636,9,3.142857142857143,22,0.5
Information_Extraction,637,14,5.0,35,0.21428571428571427
Information_Extraction,638,10,5.142857142857143,36,0.3571428571428571
Information_Extraction,639,5,2.0,14,-0.03571428571428571
Information_Extraction,640,15,8.428571428571429,59,1.392857142857143
Information_Extraction,641,11,6.714285714285714,47,0.42857142857142844
Information_Extraction,643,7,4.714285714285714,33,0.10714285714285711
Information_Extraction,642,10,4.571428571428571,32,0.4285714285714286
Information_Extraction,644,6,2.7142857142857144,19,0.03571428571428571
Information_Extraction,647,16,8.285714285714286,58,0.9642857142857142
Information_Extraction,645,11,4.714285714285714,33,1.0357142857142856
Information_Extraction,646,14,5.571428571428571,39,0.75
Information_Extraction,648,7,3.142857142857143,22,0.07142857142857141
Information_Extraction,649,6,3.0,21,0.17857142857142855
Information_Extraction,650,5,3.142857142857143,22,0.21428571428571427
Information_Extraction,653,10,5.0,35,0.9285714285714285
Information_Extraction,652,12,4.285714285714286,30,-0.0714285714285714
Information_Extraction,651,12,6.142857142857143,43,0.2857142857142856
Information_Extraction,654,10,4.285714285714286,30,0.07142857142857145
Information_Extraction,655,6,3.5714285714285716,25,-0.3571428571428571
Information_Extraction,656,6,2.7142857142857144,19,0.21428571428571427
Information_Extraction,657,5,3.0,21,-0.07142857142857142
Information_Extraction,658,16,6.428571428571429,45,0.8928571428571426
Information_Extraction,661,13,7.142857142857143,50,0.03571428571428571
Information_Extraction,659,10,5.142857142857143,36,0.4642857142857144
Information_Extraction,662,12,6.571428571428571,46,0.21428571428571433
Information_Extraction,665,7,3.7142857142857144,26,-0.21428571428571427
Information_Extraction,663,8,4.857142857142857,34,0.6071428571428571
Information_Extraction,664,8,4.285714285714286,30,-0.7142857142857144
Information_Extraction,660,8,3.857142857142857,27,-0.17857142857142855
Information_Extraction,666,10,5.714285714285714,40,-0.03571428571428575
Information_Extraction,670,10,5.571428571428571,39,0.5714285714285714
Information_Extraction,667,5,2.857142857142857,20,-0.6071428571428571
Information_Extraction,668,6,3.142857142857143,22,0.07142857142857144
Information_Extraction,672,11,6.428571428571429,45,1.3928571428571428
Information_Extraction,669,8,5.142857142857143,36,-0.14285714285714285
Information_Extraction,673,12,6.857142857142857,48,-0.46428571428571425
Information_Extraction,671,13,6.428571428571429,45,-0.6428571428571428
Information_Extraction,674,14,8.0,56,0.5714285714285714
Information_Extraction,676,14,6.285714285714286,44,1.5714285714285716
Information_Extraction,675,6,3.142857142857143,22,0.14285714285714285
Information_Extraction,677,14,5.428571428571429,38,-0.2857142857142857
Information_Extraction,680,8,3.7142857142857144,26,-0.14285714285714285
Information_Extraction,678,10,3.7142857142857144,26,0.4285714285714285
Information_Extraction,679,11,5.857142857142857,41,0.39285714285714285
Information_Extraction,681,7,4.285714285714286,30,-0.17857142857142855
Information_Extraction,682,12,5.714285714285714,40,0.28571428571428553
Information_Extraction,685,13,7.0,49,0.14285714285714285
Information_Extraction,684,14,6.857142857142857,48,0.5714285714285714
Information_Extraction,686,8,3.0,21,0.46428571428571425
Information_Extraction,683,8,5.571428571428571,39,-0.10714285714285714
Information_Extraction,687,8,3.5714285714285716,25,-0.3214285714285714
Information_Extraction,688,11,3.857142857142857,27,1.4285714285714284
Information_Extraction,689,8,3.142857142857143,22,0.32142857142857134
Information_Extraction,695,17,5.857142857142857,41,-0.8928571428571428
Information_Extraction,692,9,5.142857142857143,36,-0.3571428571428571
Information_Extraction,691,9,5.285714285714286,37,0.0
Information_Extraction,694,4,2.5714285714285716,18,-0.24999999999999992
Information_Extraction,693,10,5.0,35,-0.8571428571428571
Information_Extraction,690,13,8.428571428571429,59,0.7857142857142857
Information_Extraction,697,11,6.285714285714286,44,-0.17857142857142852
Information_Extraction,703,11,5.285714285714286,37,0.8571428571428572
Information_Extraction,698,16,9.0,63,-0.21428571428571427
Information_Extraction,701,10,3.7142857142857144,26,1.2857142857142856
Information_Extraction,700,8,4.571428571428571,32,0.39285714285714285
Information_Extraction,702,10,4.285714285714286,30,0.39285714285714296
Information_Extraction,699,12,8.285714285714286,58,0.7142857142857142
Information_Extraction,704,7,3.7142857142857144,26,-0.6071428571428571
Information_Extraction,706,15,6.857142857142857,48,1.857142857142857
Information_Extraction,709,9,5.0,35,-0.2857142857142857
Information_Extraction,707,9,3.857142857142857,27,-0.3928571428571428
Information_Extraction,705,23,10.142857142857142,71,2.9285714285714284
Information_Extraction,708,5,3.2857142857142856,23,-0.39285714285714285
Information_Extraction,711,15,4.0,28,0.9642857142857142
Information_Extraction,710,11,5.714285714285714,40,0.8571428571428571
Information_Extraction,714,6,4.571428571428571,32,0.14285714285714285
Information_Extraction,544,6,2.0,14,0.0
Information_Extraction,712,14,7.857142857142857,55,1.25
Information_Extraction,696,17,7.285714285714286,51,0.7142857142857144
Information_Extraction,716,10,5.285714285714286,37,0.6428571428571429
Information_Extraction,715,14,6.571428571428571,46,0.3928571428571428
Information_Extraction,717,8,5.0,35,-0.5
Information_Extraction,713,8,4.142857142857143,29,-0.03571428571428575
Information_Extraction,719,11,3.7142857142857144,26,-0.25
Information_Extraction,718,16,8.428571428571429,59,1.5
Information_Extraction,720,15,6.857142857142857,48,-0.07142857142857145
Information_Extraction,721,20,8.285714285714286,58,-0.4999999999999999
Information_Extraction,723,8,4.571428571428571,32,-0.07142857142857142
Information_Extraction,722,10,4.428571428571429,31,-0.21428571428571427
Information_Extraction,725,12,4.857142857142857,34,0.10714285714285711
Information_Extraction,724,10,5.428571428571429,38,0.8214285714285712
Information_Extraction,726,4,1.8571428571428572,13,-0.32142857142857145
Information_Extraction,728,5,2.857142857142857,20,0.14285714285714285
Information_Extraction,727,6,3.2857142857142856,23,0.32142857142857156
Information_Extraction,729,13,7.0,49,0.5
Information_Extraction,730,10,7.142857142857143,50,0.7857142857142857
Information_Extraction,732,15,5.285714285714286,37,2.142857142857143
Information_Extraction,731,17,7.428571428571429,52,0.3928571428571428
Information_Extraction,733,18,5.714285714285714,40,1.4999999999999996
Information_Extraction,734,10,6.571428571428571,46,-0.7857142857142857
Information_Extraction,736,12,4.0,28,-0.5714285714285714
Information_Extraction,738,6,3.0,21,-0.3214285714285714
Information_Extraction,739,7,4.428571428571429,31,-0.5714285714285714
Information_Extraction,737,11,4.142857142857143,29,0.17857142857142852
Information_Extraction,735,9,3.7142857142857144,26,-0.7857142857142856
Information_Extraction,741,11,6.428571428571429,45,0.2857142857142857
Information_Extraction,740,5,3.0,21,-0.21428571428571427
Information_Extraction,742,10,6.285714285714286,44,0.14285714285714285
Information_Extraction,744,5,2.2857142857142856,16,-0.6071428571428571
Information_Extraction,745,6,3.7142857142857144,26,0.3214285714285714
Information_Extraction,743,14,7.0,49,0.7857142857142857
Information_Extraction,748,8,3.7142857142857144,26,-0.39285714285714285
Information_Extraction,746,10,3.7142857142857144,26,-1.1428571428571426
Information_Extraction,747,5,2.7142857142857144,19,-0.17857142857142855
Information_Extraction,749,14,5.857142857142857,41,1.0714285714285712
Information_Extraction,750,9,5.285714285714286,37,0.7500000000000001
Persona_Bypass,752,42,22.142857142857142,155,-0.35714285714285726
Persona_Bypass,751,66,31.714285714285715,222,5.214285714285715
Persona_Bypass,753,108,40.0,280,3.571428571428571
Persona_Bypass,754,56,18.0,126,0.6071428571428571
Persona_Bypass,755,14,7.142857142857143,50,-0.28571428571428564
Persona_Bypass,756,50,27.285714285714285,191,0.5357142857142855
Persona_Bypass,757,38,20.571428571428573,144,2.2857142857142856
Persona_Bypass,758,40,16.571428571428573,116,0.5714285714285717
Persona_Bypass,759,27,18.428571428571427,129,1.2857142857142856
Persona_Bypass,761,64,22.857142857142858,160,-1.4285714285714284
Persona_Bypass,760,48,18.0,126,0.42857142857142855
Persona_Bypass,762,109,51.142857142857146,358,0.3571428571428574
Persona_Bypass,763,97,39.714285714285715,278,-5.464285714285714
Persona_Bypass,764,29,13.857142857142858,97,1.25
Persona_Bypass,765,63,26.142857142857142,183,3.8571428571428577
Persona_Bypass,766,68,22.857142857142858,160,-0.2500000000000001
Persona_Bypass,767,33,18.714285714285715,131,3.714285714285714
Persona_Bypass,769,31,17.428571428571427,122,0.857142857142857
Persona_Bypass,768,33,18.857142857142858,132,2.392857142857143
Persona_Bypass,771,21,13.428571428571429,94,1.214285714285714
Persona_Bypass,772,34,11.714285714285714,82,-1.2499999999999998
Persona_Bypass,770,84,28.571428571428573,200,-3.214285714285714
Persona_Bypass,773,60,24.714285714285715,173,-1.7857142857142856
Persona_Bypass,775,45,24.142857142857142,169,2.428571428571429
Persona_Bypass,774,45,17.714285714285715,124,-0.5357142857142857
Persona_Bypass,777,14,9.428571428571429,66,-1.0
Persona_Bypass,778,39,19.0,133,2.5357142857142856
Persona_Bypass,780,56,19.142857142857142,134,-0.5714285714285716
Persona_Bypass,779,28,11.142857142857142,78,2.2142857142857135
Persona_Bypass,776,34,21.857142857142858,153,3.749999999999999
Persona_Bypass,781,83,24.428571428571427,171,-6.2142857142857135
Persona_Bypass,782,46,22.285714285714285,156,-0.8571428571428571
Persona_Bypass,783,64,27.857142857142858,195,1.9642857142857142
Persona_Bypass,786,33,16.857142857142858,118,3.5000000000000004
Persona_Bypass,784,35,15.857142857142858,111,-0.24999999999999986
Persona_Bypass,787,60,26.428571428571427,185,-0.6071428571428571
Persona_Bypass,788,50,18.571428571428573,130,-1.7142857142857142
Persona_Bypass,789,30,13.142857142857142,92,2.7857142857142856
Persona_Bypass,785,29,22.0,154,2.142857142857143
Persona_Bypass,791,13,7.857142857142857,55,-0.5714285714285714
Persona_Bypass,790,36,23.285714285714285,163,2.142857142857143
Persona_Bypass,792,32,15.571428571428571,109,-0.3214285714285714
Persona_Bypass,793,63,25.428571428571427,178,0.035714285714285456
Persona_Bypass,794,25,15.571428571428571,109,2.107142857142857
Persona_Bypass,797,38,21.571428571428573,151,0.3214285714285714
Persona_Bypass,795,81,21.714285714285715,152,1.142857142857143
Persona_Bypass,796,28,16.0,112,3.6071428571428568
Persona_Bypass,798,67,26.571428571428573,186,7.928571428571428
Persona_Bypass,799,30,18.571428571428573,130,0.6428571428571427
Persona_Bypass,802,26,20.0,140,1.8214285714285714
Persona_Bypass,800,50,20.142857142857142,141,4.25
Persona_Bypass,801,34,17.571428571428573,123,1.25
Persona_Bypass,804,52,28.142857142857142,197,-1.3928571428571428
Persona_Bypass,803,32,16.428571428571427,115,0.42857142857142866
Persona_Bypass,805,38,17.0,119,-0.8571428571428571
Persona_Bypass,806,19,11.714285714285714,82,0.17857142857142855
Persona_Bypass,807,24,13.571428571428571,95,1.107142857142857
Persona_Bypass,808,24,13.714285714285714,96,1.2857142857142856
Persona_Bypass,810,79,33.57142857142857,235,0.7142857142857142
Persona_Bypass,809,36,20.571428571428573,144,2.357142857142857
Persona_Bypass,812,43,20.285714285714285,142,-1.75
Persona_Bypass,811,64,29.428571428571427,206,2.214285714285714
Persona_Bypass,813,43,17.571428571428573,123,4.821428571428571
Persona_Bypass,814,42,21.714285714285715,152,3.9285714285714275
Persona_Bypass,815,62,25.285714285714285,177,1.8571428571428568
Persona_Bypass,816,32,14.571428571428571,102,1.9285714285714284
Persona_Bypass,818,56,28.571428571428573,200,3.7857142857142856
Persona_Bypass,820,31,14.428571428571429,101,1.3928571428571428
Persona_Bypass,821,63,36.0,252,-3.6071428571428568
Persona_Bypass,817,81,33.142857142857146,232,-1.7142857142857142
Persona_Bypass,822,93,41.42857142857143,290,-2.321428571428571
Persona_Bypass,819,33,17.428571428571427,122,2.0
Persona_Bypass,823,81,25.285714285714285,177,5.607142857142858
Persona_Bypass,824,27,17.142857142857142,120,1.7857142857142856
Persona_Bypass,826,63,26.0,182,6.535714285714286
Persona_Bypass,825,54,15.285714285714286,107,-0.0714285714285715
Persona_Bypass,827,54,22.285714285714285,156,1.5714285714285712
Persona_Bypass,829,49,17.571428571428573,123,0.321428571428571
Persona_Bypass,828,119,41.42857142857143,290,2.857142857142858
Persona_Bypass,830,35,19.714285714285715,138,-0.5357142857142857
Persona_Bypass,831,20,12.857142857142858,90,0.8571428571428571
Persona_Bypass,832,64,37.57142857142857,263,0.0
Persona_Bypass,834,73,22.428571428571427,157,-7.2142857142857135
Persona_Bypass,833,40,19.142857142857142,134,-2.0
Persona_Bypass,835,41,23.571428571428573,165,1.2857142857142856
Persona_Bypass,836,24,11.714285714285714,82,-0.5714285714285714
Persona_Bypass,839,43,24.571428571428573,172,-2.0357142857142856
Persona_Bypass,837,58,34.57142857142857,242,3.7857142857142856
Persona_Bypass,838,89,32.142857142857146,225,0.21428571428571377
Persona_Bypass,841,37,19.285714285714285,135,0.0
Persona_Bypass,840,36,21.857142857142858,153,0.5
Persona_Bypass,842,83,27.0,189,2.6785714285714284
Persona_Bypass,845,42,18.285714285714285,128,1.8214285714285716
Persona_Bypass,844,84,18.142857142857142,127,-8.571428571428571
Persona_Bypass,843,18,10.285714285714286,72,0.3571428571428573
Persona_Bypass,846,53,25.428571428571427,178,5.392857142857142
Persona_Bypass,847,51,31.571428571428573,221,4.285714285714286
Persona_Bypass,848,40,18.714285714285715,131,2.964285714285714
Persona_Bypass,849,40,24.285714285714285,170,2.8571428571428568
Persona_Bypass,850,32,15.714285714285714,110,1.9642857142857142
Persona_Bypass,851,66,29.571428571428573,207,0.21428571428571389
Persona_Bypass,853,59,37.142857142857146,260,4.107142857142857
Persona_Bypass,852,72,25.285714285714285,177,7.392857142857142
Persona_Bypass,854,75,29.857142857142858,209,-2.0357142857142856
Persona_Bypass,855,40,18.571428571428573,130,2.571428571428571
Persona_Bypass,856,45,20.714285714285715,145,-1.107142857142857
Persona_Bypass,857,69,24.428571428571427,171,5.142857142857142
Persona_Bypass,859,30,17.714285714285715,124,1.4285714285714284
Persona_Bypass,858,40,22.285714285714285,156,2.892857142857143
Persona_Bypass,861,20,12.857142857142858,90,1.1428571428571426
Persona_Bypass,860,37,19.571428571428573,137,3.321428571428571
Persona_Bypass,862,88,27.571428571428573,193,-2.6428571428571423
Persona_Bypass,864,68,22.142857142857142,155,6.714285714285715
Persona_Bypass,865,88,30.0,210,0.8571428571428571
Persona_Bypass,863,33,18.428571428571427,129,1.0
Persona_Bypass,866,70,22.0,154,-2.5
Persona_Bypass,867,20,12.714285714285714,89,2.5357142857142856
Persona_Bypass,868,48,23.142857142857142,162,2.0000000000000004
Persona_Bypass,870,20,11.285714285714286,79,-0.6785714285714285
Persona_Bypass,871,37,14.857142857142858,104,3.8214285714285707
Persona_Bypass,869,38,24.142857142857142,169,2.75
Persona_Bypass,872,59,19.285714285714285,135,-2.7857142857142856
Persona_Bypass,873,23,14.428571428571429,101,1.4285714285714282
Persona_Bypass,874,38,15.857142857142858,111,-0.7142857142857142
Persona_Bypass,875,115,33.57142857142857,235,-7.392857142857142
Persona_Bypass,879,40,17.428571428571427,122,-1.6785714285714284
Persona_Bypass,878,72,26.714285714285715,187,3.3928571428571415
Persona_Bypass,876,68,29.428571428571427,206,1.2857142857142856
Persona_Bypass,877,87,60.57142857142857,424,2.571428571428571
Persona_Bypass,880,28,15.142857142857142,106,2.035714285714285
Persona_Bypass,881,42,23.142857142857142,162,0.2857142857142858
Persona_Bypass,882,116,41.142857142857146,288,-2.75
Persona_Bypass,883,26,15.285714285714286,107,2.107142857142857
Persona_Bypass,884,30,17.714285714285715,124,-0.3214285714285714
Persona_Bypass,888,30,11.857142857142858,83,0.75
Persona_Bypass,886,18,9.571428571428571,67,1.7500000000000002
Persona_Bypass,887,124,44.285714285714285,310,-1.2857142857142851
Persona_Bypass,885,26,15.857142857142858,111,2.0000000000000004
Persona_Bypass,891,22,12.142857142857142,85,2.142857142857143
Persona_Bypass,890,39,22.428571428571427,157,4.821428571428571
Persona_Bypass,892,42,19.285714285714285,135,-2.107142857142857
Persona_Bypass,893,40,22.428571428571427,157,0.21428571428571414
Persona_Bypass,889,59,30.142857142857142,211,4.321428571428572
Persona_Bypass,894,49,22.428571428571427,157,2.75
Persona_Bypass,896,148,35.142857142857146,246,15.642857142857144
Persona_Bypass,895,50,26.285714285714285,184,-2.7857142857142856
Persona_Bypass,897,26,13.142857142857142,92,0.5357142857142857
Persona_Bypass,900,28,14.571428571428571,102,6.344131569286608e-17
Persona_Bypass,899,108,33.57142857142857,235,-1.8571428571428577
Persona_Bypass,902,27,16.857142857142858,118,-1.75
Persona_Bypass,903,29,12.714285714285714,89,-1.107142857142857
Persona_Bypass,904,69,21.428571428571427,150,1.8928571428571428
Persona_Bypass,901,28,20.0,140,1.5
Persona_Bypass,898,24,15.571428571428571,109,0.5357142857142857
Persona_Bypass,905,39,19.428571428571427,136,2.7857142857142856
Persona_Bypass,906,42,21.142857142857142,148,2.3571428571428577
Persona_Bypass,908,44,19.285714285714285,135,0.3571428571428571
Persona_Bypass,909,35,16.0,112,0.3214285714285714
Persona_Bypass,907,110,30.0,210,1.4285714285714284
Persona_Bypass,911,47,21.0,147,0.25
Persona_Bypass,910,46,24.428571428571427,171,3.0
Persona_Bypass,912,43,21.857142857142858,153,1.0357142857142854
Persona_Bypass,913,34,19.857142857142858,139,3.4642857142857135
Persona_Bypass,916,32,8.0,56,-1.0714285714285714
Persona_Bypass,917,34,16.714285714285715,117,3.9285714285714284
Persona_Bypass,914,53,26.428571428571427,185,-2.0357142857142856
Persona_Bypass,919,72,23.714285714285715,166,-0.07142857142857117
Persona_Bypass,915,82,22.0,154,-2.0
Persona_Bypass,920,28,12.571428571428571,88,-1.1428571428571428
Persona_Bypass,918,32,18.857142857142858,132,2.357142857142857
Persona_Bypass,921,67,27.142857142857142,190,2.035714285714286
Persona_Bypass,922,20,9.857142857142858,69,2.071428571428571
Persona_Bypass,923,31,18.142857142857142,127,-1.4642857142857142
Persona_Bypass,925,31,19.0,133,-0.2857142857142857
Persona_Bypass,926,16,10.0,70,0.8571428571428571
Persona_Bypass,924,28,15.428571428571429,108,2.5714285714285707
Persona_Bypass,927,37,18.714285714285715,131,-0.3571428571428571
Persona_Bypass,928,69,26.714285714285715,187,-2.142857142857143
Persona_Bypass,929,39,24.142857142857142,169,4.642857142857143
Persona_Bypass,930,14,7.428571428571429,52,0.8571428571428571
Persona_Bypass,931,43,20.571428571428573,144,0.4642857142857144
Persona_Bypass,932,32,14.571428571428571,102,1.9032394707859825e-16
Persona_Bypass,934,22,16.428571428571427,115,1.3928571428571428
Persona_Bypass,933,32,22.142857142857142,155,4.642857142857143
Persona_Bypass,935,106,34.0,238,-3.9285714285714284
Persona_Bypass,936,70,29.428571428571427,206,1.4285714285714288
Persona_Bypass,938,24,13.571428571428571,95,0.42857142857142855
Persona_Bypass,939,44,18.571428571428573,130,4.0
Persona_Bypass,937,43,16.714285714285715,117,5.107142857142857
Persona_Bypass,940,67,33.57142857142857,235,1.4642857142857142
Persona_Bypass,941,33,20.571428571428573,144,-1.2142857142857142
Persona_Bypass,943,34,19.714285714285715,138,1.9642857142857144
Persona_Bypass,942,24,11.714285714285714,82,-0.6785714285714285
Persona_Bypass,944,51,28.857142857142858,202,-1.5714285714285714
Persona_Bypass,947,42,18.142857142857142,127,1.5357142857142854
Persona_Bypass,946,22,11.571428571428571,81,1.6785714285714288
Persona_Bypass,948,42,22.857142857142858,160,0.0714285714285713
Persona_Bypass,945,42,26.857142857142858,188,2.5714285714285707
Persona_Bypass,949,42,29.0,203,4.928571428571428
Persona_Bypass,950,36,22.857142857142858,160,3.999999999999999
Persona_Bypass,951,25,17.571428571428573,123,0.3214285714285714
Persona_Bypass,952,16,9.428571428571429,66,-6.344131569286608e-17
Persona_Bypass,953,26,15.428571428571429,108,3.3571428571428563
Persona_Bypass,954,33,19.571428571428573,137,3.071428571428571
Persona_Bypass,956,40,23.428571428571427,164,3.8571428571428568
Persona_Bypass,955,32,14.0,98,2.142857142857143
Persona_Bypass,958,38,13.428571428571429,94,2.928571428571428
Persona_Bypass,959,41,25.285714285714285,177,-0.07142857142857142
Persona_Bypass,957,63,32.285714285714285,226,4.5
Persona_Bypass,960,40,14.428571428571429,101,0.357142857142857
Persona_Bypass,962,35,18.857142857142858,132,-0.8214285714285715
Persona_Bypass,961,42,20.571428571428573,144,0.857142857142857
Persona_Bypass,964,34,17.714285714285715,124,1.857142857142857
Persona_Bypass,963,35,22.285714285714285,156,0.07142857142857142
Persona_Bypass,965,69,26.714285714285715,187,-5.357142857142857
Persona_Bypass,966,71,27.285714285714285,191,-1.107142857142857
Persona_Bypass,967,40,24.285714285714285,170,3.571428571428571
Persona_Bypass,968,42,18.0,126,0.3214285714285714
Persona_Bypass,969,45,13.571428571428571,95,0.07142857142857162
Persona_Bypass,971,49,27.428571428571427,192,4.75
Persona_Bypass,970,34,16.857142857142858,118,0.9285714285714284
Persona_Bypass,972,62,30.0,210,0.5
Persona_Bypass,974,48,20.857142857142858,146,-1.5
Persona_Bypass,976,50,17.428571428571427,122,-0.14285714285714285
Persona_Bypass,975,35,17.0,119,0.9285714285714285
Persona_Bypass,973,37,24.142857142857142,169,1.1428571428571432
Persona_Bypass,977,117,36.142857142857146,253,-2.892857142857143
Persona_Bypass,978,38,13.714285714285714,96,-1.5
Persona_Bypass,979,50,18.0,126,-0.7857142857142857
Persona_Bypass,980,26,13.0,91,2.1785714285714284
Persona_Bypass,983,53,16.857142857142858,118,-1.75
Persona_Bypass,982,38,20.857142857142858,146,-3.214285714285714
Persona_Bypass,984,22,15.285714285714286,107,-0.75
Persona_Bypass,985,64,19.714285714285715,138,-1.2142857142857142
Persona_Bypass,981,119,59.57142857142857,417,6.321428571428573
Persona_Bypass,987,23,11.857142857142858,83,1.1785714285714286
Persona_Bypass,986,59,29.142857142857142,204,2.821428571428571
Persona_Bypass,988,29,15.0,105,-0.17857142857142855
Persona_Bypass,991,75,35.42857142857143,248,3.7857142857142856
Persona_Bypass,989,52,27.571428571428573,193,4.428571428571428
Persona_Bypass,990,56,30.571428571428573,214,1.75
Persona_Bypass,993,42,19.857142857142858,139,-0.8928571428571428
Persona_Bypass,994,32,13.857142857142858,97,0.5357142857142857
Persona_Bypass,992,40,25.285714285714285,177,1.4642857142857142
Persona_Bypass,996,75,25.285714285714285,177,1.392857142857143
Persona_Bypass,995,30,20.0,140,-0.03571428571428571
Persona_Bypass,997,51,28.714285714285715,201,3.392857142857143
Persona_Bypass,1000,34,13.571428571428571,95,-1.1785714285714286
Persona_Bypass,998,52,23.857142857142858,167,1.2142857142857142
Persona_Bypass,999,50,27.285714285714285,191,-0.9999999999999997
